Delivery_ID,Supplier_ID,Product_ID,Delivery_Date,Expected_Date
D00001,S009,P0491,2025-05-14,2025-05-13
D00002,S005,P0210,2025-07-23,2025-07-18
D00003,S031,P0328,2025-06-17,2025-06-10
D00004,S072,P0285,2025-05-11,2025-05-07
D00005,S051,P0185,2025-07-29,2025-07-26
D00006,S001,P0093,2025-05-27,2025-05-20
D00007,S023,P0112,2025-07-21,2025-07-17
D00008,S034,P0127,2025-06-13,2025-06-11
D00009,S096,P0050,2025-07-24,2025-07-23
D00010,S055,P0058,2025-06-05,2025-06-01
D00011,S053,P0257,2025-05-01,2025-05-01
D00012,S039,P0344,2025-06-12,2025-06-08
D00013,S081,P0264,2025-05-11,2025-05-04
D00014,S017,P0211,2025-06-10,2025-06-06
D00015,S049,P0487,2025-06-18,2025-06-16
D00016,S061,P0146,2025-06-06,2025-06-04
D00017,S027,P0120,2025-05-22,2025-05-21
D00018,S074,P0430,2025-06-08,2025-06-05
D00019,S026,P0276,2025-05-11,2025-05-06
D00020,S058,P0321,2025-06-07,2025-06-04
D00021,S068,P0076,2025-05-21,2025-05-20
D00022,S042,P0022,2025-05-06,2025-05-01
D00023,S083,P0057,2025-05-30,2025-05-29
D00024,S053,P0284,2025-05-18,2025-05-08
D00025,S006,P0262,2025-07-23,2025-07-19
D00026,S076,P0417,2025-07-12,2025-07-07
D00027,S053,P0490,2025-07-11,2025-07-01
D00028,S044,P0483,2025-06-04,2025-05-31
D00029,S014,P0010,2025-07-15,2025-07-14
D00030,S037,P0029,2025-05-18,2025-05-13
D00031,S022,P0460,2025-05-13,2025-05-12
D00032,S015,P0394,2025-05-05,2025-05-02
D00033,S064,P0476,2025-05-30,2025-05-26
D00034,S083,P0325,2025-07-28,2025-07-18
D00035,S041,P0298,2025-06-14,2025-06-13
D00036,S020,P0108,2025-07-15,2025-07-05
D00037,S095,P0378,2025-07-22,2025-07-18
D00038,S032,P0203,2025-05-16,2025-05-12
D00039,S025,P0051,2025-07-11,2025-07-11
D00040,S075,P0338,2025-07-21,2025-07-06
D00041,S061,P0420,2025-06-13,2025-06-13
D00042,S100,P0067,2025-06-26,2025-06-11
D00043,S042,P0486,2025-07-01,2025-06-27
D00044,S086,P0018,2025-05-03,2025-04-29
D00045,S074,P0372,2025-07-30,2025-07-25
D00046,S010,P0376,2025-05-06,2025-05-06
D00047,S019,P0261,2025-05-10,2025-04-30
D00048,S076,P0152,2025-05-25,2025-05-23
D00049,S060,P0122,2025-05-21,2025-05-19
D00050,S036,P0387,2025-07-26,2025-07-19
D00051,S069,P0298,2025-05-13,2025-05-13
D00052,S056,P0390,2025-06-26,2025-06-21
D00053,S014,P0129,2025-07-23,2025-07-08
D00054,S010,P0492,2025-06-28,2025-06-27
D00055,S086,P0129,2025-06-23,2025-06-19
D00056,S067,P0298,2025-06-10,2025-06-09
D00057,S072,P0144,2025-05-24,2025-05-09
D00058,S061,P0237,2025-07-23,2025-07-13
D00059,S093,P0342,2025-05-27,2025-05-26
D00060,S078,P0146,2025-05-26,2025-05-22
D00061,S053,P0186,2025-05-30,2025-05-28
D00062,S036,P0057,2025-05-12,2025-05-10
D00063,S083,P0259,2025-05-10,2025-05-03
D00064,S016,P0091,2025-05-26,2025-05-22
D00065,S009,P0106,2025-06-09,2025-06-08
D00066,S009,P0135,2025-07-05,2025-06-30
D00067,S001,P0476,2025-07-15,2025-07-15
D00068,S025,P0341,2025-07-01,2025-06-28
D00069,S053,P0020,2025-06-16,2025-06-12
D00070,S040,P0290,2025-05-05,2025-05-05
D00071,S033,P0472,2025-05-10,2025-05-09
D00072,S011,P0211,2025-07-23,2025-07-19
D00073,S023,P0087,2025-07-30,2025-07-25
D00074,S027,P0354,2025-06-18,2025-06-16
D00075,S083,P0170,2025-06-25,2025-06-25
D00076,S053,P0418,2025-06-20,2025-06-20
D00077,S011,P0453,2025-05-04,2025-04-30
D00078,S083,P0359,2025-07-06,2025-06-29
D00079,S020,P0265,2025-06-22,2025-06-18
D00080,S028,P0344,2025-07-03,2025-06-23
D00081,S031,P0279,2025-05-25,2025-05-22
D00082,S058,P0297,2025-07-08,2025-07-07
D00083,S052,P0203,2025-05-12,2025-05-12
D00084,S064,P0350,2025-06-01,2025-05-27
D00085,S048,P0267,2025-06-10,2025-06-09
D00086,S002,P0222,2025-05-03,2025-04-29
D00087,S044,P0350,2025-07-04,2025-06-27
D00088,S012,P0251,2025-06-02,2025-06-02
D00089,S097,P0338,2025-05-27,2025-05-22
D00090,S008,P0453,2025-06-24,2025-06-23
D00091,S033,P0042,2025-06-08,2025-06-08
D00092,S026,P0235,2025-05-24,2025-05-17
D00093,S079,P0399,2025-07-02,2025-07-02
D00094,S039,P0172,2025-07-09,2025-07-02
D00095,S078,P0424,2025-05-11,2025-05-07
D00096,S015,P0040,2025-07-03,2025-06-18
D00097,S028,P0122,2025-06-08,2025-06-03
D00098,S008,P0090,2025-05-09,2025-05-05
D00099,S098,P0049,2025-06-24,2025-06-19
D00100,S055,P0303,2025-07-05,2025-06-20
D00101,S035,P0038,2025-06-19,2025-06-17
D00102,S097,P0284,2025-07-14,2025-07-14
D00103,S088,P0353,2025-06-17,2025-06-17
D00104,S070,P0257,2025-06-28,2025-06-21
D00105,S018,P0401,2025-05-02,2025-04-30
D00106,S052,P0158,2025-06-07,2025-06-05
D00107,S019,P0104,2025-07-24,2025-07-22
D00108,S002,P0432,2025-06-13,2025-06-13
D00109,S077,P0348,2025-05-06,2025-05-03
D00110,S053,P0054,2025-07-09,2025-06-29
D00111,S078,P0361,2025-06-07,2025-06-05
D00112,S075,P0087,2025-06-07,2025-06-04
D00113,S099,P0300,2025-05-24,2025-05-23
D00114,S030,P0304,2025-07-20,2025-07-10
D00115,S082,P0206,2025-05-07,2025-04-30
D00116,S069,P0043,2025-06-09,2025-06-02
D00117,S073,P0337,2025-07-24,2025-07-14
D00118,S016,P0045,2025-05-20,2025-05-05
D00119,S016,P0216,2025-06-03,2025-06-01
D00120,S035,P0250,2025-05-23,2025-05-22
D00121,S067,P0275,2025-07-11,2025-07-09
D00122,S013,P0344,2025-07-02,2025-07-01
D00123,S080,P0281,2025-07-02,2025-06-28
D00124,S046,P0365,2025-05-11,2025-05-09
D00125,S076,P0491,2025-07-19,2025-07-12
D00126,S091,P0285,2025-06-27,2025-06-24
D00127,S023,P0239,2025-07-24,2025-07-09
D00128,S084,P0278,2025-07-15,2025-07-11
D00129,S082,P0086,2025-06-10,2025-05-31
D00130,S071,P0470,2025-05-15,2025-05-11
D00131,S015,P0159,2025-05-03,2025-05-03
D00132,S068,P0380,2025-06-09,2025-06-02
D00133,S073,P0226,2025-06-26,2025-06-21
D00134,S078,P0015,2025-05-31,2025-05-31
D00135,S048,P0047,2025-07-20,2025-07-16
D00136,S081,P0262,2025-07-10,2025-06-30
D00137,S002,P0291,2025-05-16,2025-05-15
D00138,S030,P0096,2025-07-25,2025-07-18
D00139,S064,P0278,2025-07-17,2025-07-13
D00140,S081,P0322,2025-07-07,2025-07-04
D00141,S005,P0476,2025-06-13,2025-06-13
D00142,S008,P0142,2025-07-07,2025-07-05
D00143,S095,P0276,2025-06-19,2025-06-14
D00144,S030,P0131,2025-07-04,2025-06-29
D00145,S045,P0160,2025-05-21,2025-05-16
D00146,S055,P0444,2025-07-19,2025-07-16
D00147,S020,P0431,2025-05-15,2025-05-12
D00148,S073,P0083,2025-05-09,2025-05-05
D00149,S080,P0445,2025-07-10,2025-07-07
D00150,S035,P0265,2025-07-15,2025-07-13
D00151,S011,P0223,2025-06-19,2025-06-12
D00152,S080,P0331,2025-05-04,2025-05-02
D00153,S047,P0201,2025-06-06,2025-05-27
D00154,S064,P0373,2025-05-20,2025-05-18
D00155,S055,P0424,2025-05-13,2025-05-03
D00156,S062,P0312,2025-07-15,2025-07-14
D00157,S030,P0470,2025-05-23,2025-05-18
D00158,S069,P0090,2025-08-08,2025-07-24
D00159,S089,P0124,2025-05-08,2025-05-03
D00160,S083,P0082,2025-05-31,2025-05-29
D00161,S049,P0075,2025-06-03,2025-05-29
D00162,S092,P0263,2025-06-22,2025-06-18
D00163,S032,P0199,2025-06-11,2025-06-06
D00164,S056,P0222,2025-07-24,2025-07-17
D00165,S079,P0210,2025-06-23,2025-06-20
D00166,S084,P0346,2025-06-20,2025-06-13
D00167,S017,P0186,2025-06-07,2025-05-23
D00168,S018,P0194,2025-05-06,2025-05-02
D00169,S031,P0156,2025-07-15,2025-07-11
D00170,S074,P0329,2025-06-30,2025-06-30
D00171,S087,P0366,2025-05-27,2025-05-17
D00172,S037,P0160,2025-05-27,2025-05-26
D00173,S082,P0115,2025-06-17,2025-06-02
D00174,S098,P0450,2025-07-22,2025-07-21
D00175,S076,P0459,2025-07-15,2025-07-13
D00176,S039,P0333,2025-05-07,2025-05-03
D00177,S035,P0104,2025-08-01,2025-07-22
D00178,S081,P0458,2025-07-08,2025-07-01
D00179,S075,P0228,2025-06-05,2025-05-31
D00180,S038,P0351,2025-06-04,2025-05-25
D00181,S025,P0424,2025-05-16,2025-05-11
D00182,S071,P0373,2025-07-30,2025-07-15
D00183,S079,P0224,2025-06-04,2025-06-03
D00184,S086,P0061,2025-06-10,2025-06-10
D00185,S050,P0297,2025-07-26,2025-07-24
D00186,S042,P0074,2025-06-06,2025-06-06
D00187,S067,P0297,2025-07-17,2025-07-10
D00188,S093,P0251,2025-06-15,2025-06-10
D00189,S014,P0264,2025-07-24,2025-07-24
D00190,S065,P0142,2025-06-09,2025-06-05
D00191,S014,P0270,2025-06-15,2025-05-31
D00192,S094,P0090,2025-05-22,2025-05-17
D00193,S008,P0492,2025-06-17,2025-06-16
D00194,S089,P0378,2025-07-06,2025-07-05
D00195,S054,P0418,2025-06-18,2025-06-16
D00196,S053,P0364,2025-06-07,2025-06-03
D00197,S061,P0054,2025-07-18,2025-07-15
D00198,S066,P0252,2025-06-22,2025-06-18
D00199,S053,P0289,2025-06-03,2025-05-24
D00200,S055,P0313,2025-07-22,2025-07-15
D00201,S070,P0341,2025-05-12,2025-05-07
D00202,S051,P0261,2025-07-12,2025-07-08
D00203,S088,P0443,2025-06-11,2025-06-09
D00204,S055,P0244,2025-05-09,2025-05-06
D00205,S065,P0203,2025-06-10,2025-06-09
D00206,S017,P0173,2025-07-01,2025-06-26
D00207,S041,P0385,2025-07-19,2025-07-17
D00208,S091,P0029,2025-05-18,2025-05-16
D00209,S087,P0233,2025-06-24,2025-06-20
D00210,S077,P0020,2025-05-30,2025-05-27
D00211,S016,P0085,2025-06-06,2025-05-30
D00212,S027,P0063,2025-05-11,2025-05-08
D00213,S096,P0312,2025-05-06,2025-05-06
D00214,S046,P0341,2025-06-04,2025-05-30
D00215,S018,P0255,2025-07-06,2025-07-02
D00216,S100,P0310,2025-05-29,2025-05-27
D00217,S065,P0217,2025-06-07,2025-05-28
D00218,S025,P0440,2025-06-16,2025-06-11
D00219,S075,P0306,2025-06-28,2025-06-26
D00220,S094,P0417,2025-07-08,2025-07-07
D00221,S061,P0379,2025-06-10,2025-06-09
D00222,S064,P0267,2025-05-30,2025-05-15
D00223,S096,P0277,2025-07-06,2025-07-04
D00224,S041,P0041,2025-06-26,2025-06-11
D00225,S058,P0451,2025-06-02,2025-06-02
D00226,S086,P0313,2025-06-26,2025-06-11
D00227,S071,P0436,2025-05-13,2025-05-03
D00228,S062,P0488,2025-07-09,2025-07-08
D00229,S065,P0489,2025-07-27,2025-07-22
D00230,S017,P0428,2025-07-29,2025-07-26
D00231,S021,P0368,2025-06-12,2025-06-02
D00232,S004,P0479,2025-06-30,2025-06-27
D00233,S085,P0264,2025-06-10,2025-06-10
D00234,S020,P0246,2025-06-04,2025-05-25
D00235,S062,P0284,2025-07-15,2025-06-30
D00236,S025,P0133,2025-07-15,2025-07-14
D00237,S070,P0100,2025-05-08,2025-05-04
D00238,S016,P0227,2025-05-10,2025-05-06
D00239,S078,P0116,2025-07-04,2025-07-03
D00240,S010,P0077,2025-07-03,2025-06-29
D00241,S058,P0416,2025-06-09,2025-06-07
D00242,S098,P0232,2025-06-10,2025-06-03
D00243,S044,P0112,2025-06-19,2025-06-17
D00244,S055,P0370,2025-07-22,2025-07-15
D00245,S050,P0290,2025-07-15,2025-07-10
D00246,S060,P0094,2025-07-05,2025-07-03
D00247,S047,P0271,2025-05-19,2025-05-14
D00248,S005,P0349,2025-05-05,2025-05-02
D00249,S079,P0445,2025-05-14,2025-05-12
D00250,S055,P0010,2025-07-21,2025-07-20
D00251,S046,P0180,2025-07-03,2025-06-26
D00252,S063,P0273,2025-07-05,2025-07-03
D00253,S069,P0480,2025-07-17,2025-07-13
D00254,S064,P0138,2025-06-10,2025-06-10
D00255,S087,P0431,2025-05-06,2025-05-02
D00256,S001,P0206,2025-05-18,2025-05-11
D00257,S021,P0207,2025-05-06,2025-05-05
D00258,S085,P0139,2025-05-26,2025-05-21
D00259,S009,P0220,2025-07-14,2025-07-13
D00260,S024,P0329,2025-07-02,2025-06-30
D00261,S007,P0271,2025-06-08,2025-06-03
D00262,S100,P0312,2025-06-13,2025-06-03
D00263,S025,P0395,2025-06-10,2025-06-05
D00264,S010,P0170,2025-07-03,2025-06-23
D00265,S097,P0327,2025-05-12,2025-05-02
D00266,S090,P0359,2025-06-29,2025-06-26
D00267,S024,P0090,2025-05-13,2025-05-13
D00268,S003,P0490,2025-07-10,2025-07-03
D00269,S080,P0151,2025-06-21,2025-06-11
D00270,S045,P0110,2025-06-06,2025-06-04
D00271,S046,P0432,2025-06-09,2025-06-04
D00272,S071,P0317,2025-06-26,2025-06-11
D00273,S052,P0092,2025-07-19,2025-07-12
D00274,S023,P0489,2025-05-10,2025-05-06
D00275,S072,P0408,2025-06-27,2025-06-23
D00276,S042,P0455,2025-05-12,2025-05-12
D00277,S091,P0295,2025-06-26,2025-06-19
D00278,S006,P0211,2025-06-08,2025-06-03
D00279,S039,P0153,2025-06-07,2025-06-06
D00280,S064,P0289,2025-06-08,2025-05-29
D00281,S022,P0004,2025-07-03,2025-07-01
D00282,S076,P0165,2025-06-10,2025-05-26
D00283,S068,P0072,2025-05-23,2025-05-23
D00284,S044,P0325,2025-05-25,2025-05-10
D00285,S017,P0373,2025-05-16,2025-05-01
D00286,S080,P0182,2025-07-09,2025-07-09
D00287,S041,P0158,2025-05-20,2025-05-17
D00288,S023,P0294,2025-06-16,2025-06-16
D00289,S011,P0398,2025-06-23,2025-06-18
D00290,S024,P0126,2025-06-09,2025-06-05
D00291,S018,P0120,2025-07-26,2025-07-26
D00292,S032,P0047,2025-06-26,2025-06-22
D00293,S055,P0230,2025-05-10,2025-05-10
D00294,S076,P0179,2025-06-08,2025-05-24
D00295,S027,P0153,2025-07-28,2025-07-13
D00296,S077,P0022,2025-05-27,2025-05-24
D00297,S044,P0236,2025-07-06,2025-07-06
D00298,S039,P0024,2025-06-14,2025-06-11
D00299,S078,P0269,2025-05-19,2025-05-19
D00300,S043,P0270,2025-06-28,2025-06-27
D00301,S022,P0060,2025-05-31,2025-05-26
D00302,S039,P0239,2025-07-05,2025-07-05
D00303,S087,P0215,2025-07-27,2025-07-26
D00304,S035,P0035,2025-06-17,2025-06-15
D00305,S016,P0084,2025-06-02,2025-05-18
D00306,S090,P0295,2025-05-12,2025-05-10
D00307,S069,P0178,2025-05-17,2025-05-12
D00308,S055,P0488,2025-07-30,2025-07-20
D00309,S064,P0079,2025-05-16,2025-05-06
D00310,S025,P0170,2025-06-13,2025-06-11
D00311,S080,P0321,2025-05-20,2025-05-15
D00312,S070,P0227,2025-07-27,2025-07-25
D00313,S061,P0458,2025-07-09,2025-07-07
D00314,S061,P0152,2025-06-11,2025-06-11
D00315,S015,P0135,2025-05-12,2025-05-07
D00316,S004,P0220,2025-07-21,2025-07-16
D00317,S079,P0140,2025-07-11,2025-07-04
D00318,S093,P0279,2025-07-21,2025-07-20
D00319,S020,P0090,2025-05-31,2025-05-30
D00320,S071,P0005,2025-07-12,2025-07-02
D00321,S074,P0463,2025-06-03,2025-06-01
D00322,S043,P0284,2025-07-08,2025-07-06
D00323,S019,P0153,2025-05-07,2025-05-05
D00324,S016,P0448,2025-06-23,2025-06-21
D00325,S015,P0048,2025-06-24,2025-06-20
D00326,S053,P0286,2025-05-27,2025-05-27
D00327,S039,P0370,2025-07-27,2025-07-24
D00328,S064,P0333,2025-05-29,2025-05-28
D00329,S001,P0014,2025-07-25,2025-07-20
D00330,S028,P0221,2025-05-16,2025-05-14
D00331,S094,P0500,2025-07-07,2025-07-07
D00332,S027,P0308,2025-07-07,2025-07-06
D00333,S053,P0333,2025-07-08,2025-07-05
D00334,S058,P0397,2025-07-09,2025-06-29
D00335,S100,P0278,2025-05-16,2025-05-15
D00336,S014,P0140,2025-07-22,2025-07-15
D00337,S012,P0415,2025-06-18,2025-06-03
D00338,S042,P0086,2025-06-22,2025-06-17
D00339,S019,P0034,2025-05-22,2025-05-20
D00340,S100,P0416,2025-05-20,2025-05-10
D00341,S092,P0433,2025-05-23,2025-05-18
D00342,S086,P0046,2025-07-19,2025-07-14
D00343,S065,P0367,2025-05-13,2025-05-12
D00344,S058,P0436,2025-05-25,2025-05-21
D00345,S045,P0153,2025-07-17,2025-07-14
D00346,S027,P0198,2025-06-20,2025-06-15
D00347,S028,P0129,2025-05-08,2025-05-01
D00348,S097,P0451,2025-06-13,2025-06-03
D00349,S007,P0485,2025-07-06,2025-06-21
D00350,S044,P0418,2025-07-03,2025-06-23
D00351,S066,P0399,2025-06-06,2025-06-03
D00352,S059,P0124,2025-06-23,2025-06-13
D00353,S042,P0053,2025-07-16,2025-07-16
D00354,S098,P0061,2025-06-21,2025-06-21
D00355,S084,P0159,2025-05-15,2025-05-11
D00356,S043,P0356,2025-07-12,2025-06-27
D00357,S005,P0485,2025-07-26,2025-07-23
D00358,S044,P0291,2025-05-09,2025-05-07
D00359,S032,P0128,2025-05-06,2025-05-05
D00360,S049,P0438,2025-06-01,2025-05-29
D00361,S092,P0060,2025-06-21,2025-06-06
D00362,S070,P0064,2025-07-17,2025-07-07
D00363,S001,P0234,2025-07-09,2025-07-07
D00364,S043,P0016,2025-06-18,2025-06-14
D00365,S036,P0480,2025-07-04,2025-06-19
D00366,S062,P0175,2025-06-22,2025-06-07
D00367,S077,P0086,2025-07-17,2025-07-12
D00368,S100,P0345,2025-06-12,2025-06-07
D00369,S043,P0262,2025-08-01,2025-07-17
D00370,S036,P0120,2025-07-08,2025-06-23
D00371,S099,P0264,2025-05-07,2025-05-06
D00372,S008,P0383,2025-05-16,2025-05-11
D00373,S035,P0057,2025-06-03,2025-05-29
D00374,S089,P0080,2025-06-30,2025-06-30
D00375,S044,P0368,2025-05-21,2025-05-06
D00376,S085,P0456,2025-06-26,2025-06-11
D00377,S017,P0461,2025-06-20,2025-06-13
D00378,S060,P0224,2025-07-06,2025-07-04
D00379,S032,P0030,2025-06-19,2025-06-18
D00380,S100,P0101,2025-06-02,2025-06-01
D00381,S060,P0332,2025-05-11,2025-05-11
D00382,S001,P0044,2025-07-23,2025-07-23
D00383,S058,P0242,2025-08-02,2025-07-18
D00384,S082,P0241,2025-07-20,2025-07-13
D00385,S095,P0427,2025-07-06,2025-06-21
D00386,S032,P0281,2025-07-02,2025-06-30
D00387,S063,P0339,2025-06-30,2025-06-25
D00388,S063,P0308,2025-05-17,2025-05-16
D00389,S040,P0154,2025-07-13,2025-07-12
D00390,S058,P0414,2025-05-12,2025-05-11
D00391,S028,P0174,2025-06-20,2025-06-10
D00392,S025,P0002,2025-06-20,2025-06-16
D00393,S065,P0362,2025-07-31,2025-07-26
D00394,S005,P0436,2025-07-22,2025-07-22
D00395,S040,P0268,2025-05-04,2025-05-04
D00396,S091,P0466,2025-07-25,2025-07-18
D00397,S051,P0049,2025-05-15,2025-05-11
D00398,S087,P0196,2025-07-03,2025-06-18
D00399,S008,P0113,2025-05-20,2025-05-13
D00400,S008,P0328,2025-06-02,2025-05-28
D00401,S022,P0105,2025-05-17,2025-05-14
D00402,S021,P0375,2025-05-18,2025-05-14
D00403,S077,P0090,2025-06-09,2025-05-30
D00404,S019,P0314,2025-07-21,2025-07-06
D00405,S011,P0451,2025-05-25,2025-05-20
D00406,S086,P0155,2025-06-11,2025-06-01
D00407,S090,P0029,2025-06-19,2025-06-18
D00408,S095,P0037,2025-07-27,2025-07-24
D00409,S091,P0056,2025-05-31,2025-05-26
D00410,S060,P0198,2025-07-21,2025-07-20
D00411,S049,P0218,2025-05-10,2025-05-06
D00412,S094,P0420,2025-05-25,2025-05-23
D00413,S086,P0461,2025-05-23,2025-05-18
D00414,S075,P0286,2025-07-14,2025-06-29
D00415,S005,P0177,2025-06-28,2025-06-21
D00416,S022,P0251,2025-05-28,2025-05-25
D00417,S050,P0085,2025-05-18,2025-05-11
D00418,S053,P0245,2025-07-08,2025-06-28
D00419,S001,P0058,2025-05-30,2025-05-28
D00420,S053,P0003,2025-06-30,2025-06-27
D00421,S100,P0354,2025-06-19,2025-06-19
D00422,S016,P0051,2025-05-13,2025-05-08
D00423,S054,P0054,2025-06-21,2025-06-16
D00424,S034,P0373,2025-06-30,2025-06-30
D00425,S089,P0198,2025-05-22,2025-05-15
D00426,S036,P0098,2025-06-28,2025-06-25
D00427,S036,P0447,2025-07-04,2025-06-24
D00428,S075,P0098,2025-05-14,2025-05-13
D00429,S090,P0337,2025-05-17,2025-05-15
D00430,S057,P0402,2025-07-06,2025-07-01
D00431,S072,P0025,2025-06-29,2025-06-28
D00432,S019,P0145,2025-07-07,2025-07-07
D00433,S069,P0286,2025-08-09,2025-07-25
D00434,S057,P0111,2025-06-26,2025-06-26
D00435,S043,P0148,2025-06-15,2025-05-31
D00436,S044,P0308,2025-07-21,2025-07-19
D00437,S095,P0476,2025-06-24,2025-06-22
D00438,S100,P0203,2025-05-03,2025-05-02
D00439,S004,P0236,2025-08-02,2025-07-18
D00440,S029,P0257,2025-07-28,2025-07-21
D00441,S007,P0342,2025-05-03,2025-05-01
D00442,S033,P0062,2025-05-21,2025-05-06
D00443,S044,P0472,2025-05-07,2025-05-03
D00444,S056,P0375,2025-07-04,2025-06-30
D00445,S046,P0249,2025-07-16,2025-07-12
D00446,S078,P0291,2025-06-25,2025-06-23
D00447,S070,P0278,2025-05-31,2025-05-24
D00448,S090,P0364,2025-07-04,2025-07-01
D00449,S079,P0034,2025-05-23,2025-05-19
D00450,S100,P0242,2025-07-17,2025-07-12
D00451,S006,P0014,2025-07-03,2025-06-23
D00452,S016,P0076,2025-06-13,2025-06-08
D00453,S041,P0279,2025-06-28,2025-06-28
D00454,S085,P0028,2025-07-04,2025-06-30
D00455,S092,P0447,2025-05-11,2025-05-01
D00456,S026,P0029,2025-06-23,2025-06-16
D00457,S092,P0080,2025-08-08,2025-07-24
D00458,S027,P0366,2025-07-03,2025-06-28
D00459,S060,P0166,2025-07-05,2025-06-20
D00460,S096,P0377,2025-05-28,2025-05-27
D00461,S058,P0452,2025-07-07,2025-06-30
D00462,S070,P0202,2025-05-29,2025-05-28
D00463,S044,P0090,2025-06-29,2025-06-14
D00464,S080,P0449,2025-05-23,2025-05-22
D00465,S097,P0093,2025-07-31,2025-07-16
D00466,S045,P0257,2025-07-31,2025-07-16
D00467,S044,P0500,2025-07-07,2025-07-04
D00468,S064,P0301,2025-06-08,2025-06-07
D00469,S008,P0273,2025-05-28,2025-05-27
D00470,S061,P0490,2025-06-14,2025-06-12
D00471,S080,P0039,2025-05-08,2025-05-06
D00472,S068,P0209,2025-07-08,2025-07-04
D00473,S011,P0310,2025-05-11,2025-05-04
D00474,S098,P0443,2025-05-29,2025-05-14
D00475,S055,P0040,2025-06-14,2025-06-10
D00476,S037,P0441,2025-06-18,2025-06-08
D00477,S009,P0144,2025-06-18,2025-06-15
D00478,S091,P0478,2025-06-17,2025-06-13
D00479,S017,P0314,2025-05-25,2025-05-18
D00480,S007,P0157,2025-06-06,2025-06-01
D00481,S009,P0020,2025-06-28,2025-06-26
D00482,S049,P0082,2025-05-19,2025-05-12
D00483,S087,P0189,2025-05-31,2025-05-29
D00484,S094,P0378,2025-07-21,2025-07-21
D00485,S035,P0146,2025-07-10,2025-07-07
D00486,S044,P0019,2025-06-03,2025-05-30
D00487,S022,P0363,2025-07-12,2025-07-09
D00488,S073,P0480,2025-07-31,2025-07-21
D00489,S011,P0154,2025-06-02,2025-06-01
D00490,S073,P0358,2025-06-06,2025-06-06
D00491,S082,P0225,2025-05-12,2025-05-11
D00492,S017,P0360,2025-07-16,2025-07-11
D00493,S059,P0277,2025-06-18,2025-06-03
D00494,S012,P0021,2025-06-22,2025-06-17
D00495,S037,P0396,2025-06-29,2025-06-22
D00496,S044,P0342,2025-05-24,2025-05-09
D00497,S063,P0264,2025-06-02,2025-05-29
D00498,S062,P0322,2025-05-27,2025-05-22
D00499,S013,P0414,2025-06-14,2025-06-13
D00500,S016,P0039,2025-05-20,2025-05-10
D00501,S040,P0031,2025-05-26,2025-05-24
D00502,S056,P0393,2025-06-15,2025-06-11
D00503,S081,P0114,2025-05-25,2025-05-23
D00504,S079,P0362,2025-05-12,2025-05-12
D00505,S042,P0048,2025-05-18,2025-05-08
D00506,S017,P0370,2025-05-05,2025-05-03
D00507,S039,P0447,2025-06-11,2025-05-27
D00508,S048,P0376,2025-06-09,2025-06-05
D00509,S023,P0076,2025-07-26,2025-07-21
D00510,S065,P0061,2025-06-28,2025-06-27
D00511,S041,P0280,2025-06-13,2025-06-08
D00512,S069,P0192,2025-05-28,2025-05-23
D00513,S019,P0216,2025-08-01,2025-07-22
D00514,S057,P0009,2025-07-30,2025-07-25
D00515,S065,P0210,2025-05-21,2025-05-14
D00516,S082,P0179,2025-07-23,2025-07-16
D00517,S098,P0267,2025-06-06,2025-05-30
D00518,S088,P0227,2025-06-25,2025-06-24
D00519,S068,P0487,2025-07-11,2025-07-08
D00520,S033,P0099,2025-06-05,2025-05-29
D00521,S045,P0179,2025-05-18,2025-05-17
D00522,S096,P0221,2025-07-17,2025-07-12
D00523,S071,P0116,2025-05-18,2025-05-14
D00524,S001,P0012,2025-06-23,2025-06-16
D00525,S046,P0299,2025-06-19,2025-06-17
D00526,S077,P0250,2025-06-23,2025-06-13
D00527,S060,P0465,2025-07-01,2025-06-16
D00528,S039,P0311,2025-07-25,2025-07-23
D00529,S007,P0334,2025-06-12,2025-05-28
D00530,S080,P0340,2025-06-19,2025-06-16
D00531,S096,P0042,2025-05-04,2025-05-01
D00532,S051,P0460,2025-05-11,2025-05-07
D00533,S020,P0135,2025-06-16,2025-06-06
D00534,S043,P0064,2025-06-18,2025-06-17
D00535,S083,P0066,2025-06-15,2025-06-12
D00536,S010,P0247,2025-05-25,2025-05-22
D00537,S061,P0281,2025-06-03,2025-05-19
D00538,S046,P0146,2025-06-27,2025-06-24
D00539,S067,P0052,2025-06-06,2025-06-02
D00540,S095,P0137,2025-05-10,2025-05-03
D00541,S027,P0243,2025-05-06,2025-05-03
D00542,S089,P0010,2025-06-10,2025-05-26
D00543,S016,P0161,2025-06-17,2025-06-16
D00544,S089,P0013,2025-07-03,2025-06-26
D00545,S089,P0393,2025-08-02,2025-07-23
D00546,S019,P0351,2025-07-22,2025-07-19
D00547,S053,P0392,2025-07-01,2025-07-01
D00548,S070,P0129,2025-07-13,2025-07-03
D00549,S078,P0153,2025-06-20,2025-06-13
D00550,S063,P0150,2025-06-05,2025-05-26
D00551,S088,P0010,2025-06-21,2025-06-20
D00552,S039,P0302,2025-04-29,2025-04-29
D00553,S027,P0385,2025-07-25,2025-07-20
D00554,S072,P0184,2025-05-14,2025-05-09
D00555,S004,P0390,2025-06-24,2025-06-09
D00556,S096,P0005,2025-05-15,2025-05-12
D00557,S092,P0163,2025-08-07,2025-07-23
D00558,S084,P0265,2025-06-03,2025-05-24
D00559,S095,P0051,2025-07-13,2025-07-08
D00560,S049,P0307,2025-06-18,2025-06-03
D00561,S084,P0454,2025-07-27,2025-07-12
D00562,S003,P0469,2025-06-12,2025-06-07
D00563,S026,P0042,2025-06-05,2025-06-03
D00564,S079,P0268,2025-05-08,2025-05-03
D00565,S034,P0331,2025-06-08,2025-06-06
D00566,S037,P0419,2025-05-08,2025-05-03
D00567,S067,P0178,2025-06-28,2025-06-23
D00568,S040,P0103,2025-06-29,2025-06-22
D00569,S004,P0094,2025-05-17,2025-05-17
D00570,S016,P0036,2025-06-08,2025-06-03
D00571,S081,P0495,2025-06-22,2025-06-21
D00572,S020,P0148,2025-05-29,2025-05-27
D00573,S038,P0154,2025-05-11,2025-05-06
D00574,S024,P0485,2025-06-12,2025-06-05
D00575,S013,P0143,2025-06-26,2025-06-16
D00576,S067,P0080,2025-06-13,2025-06-11
D00577,S028,P0488,2025-07-16,2025-07-12
D00578,S084,P0299,2025-06-21,2025-06-21
D00579,S065,P0127,2025-05-30,2025-05-26
D00580,S033,P0277,2025-07-21,2025-07-18
D00581,S029,P0087,2025-06-29,2025-06-28
D00582,S027,P0348,2025-07-05,2025-07-04
D00583,S066,P0138,2025-07-01,2025-06-27
D00584,S080,P0059,2025-05-11,2025-05-10
D00585,S055,P0379,2025-05-21,2025-05-11
D00586,S038,P0153,2025-05-11,2025-05-08
D00587,S100,P0147,2025-06-11,2025-06-06
D00588,S057,P0274,2025-06-06,2025-06-04
D00589,S058,P0092,2025-07-17,2025-07-15
D00590,S082,P0195,2025-06-04,2025-05-31
D00591,S058,P0460,2025-06-24,2025-06-22
D00592,S021,P0352,2025-06-04,2025-06-03
D00593,S021,P0459,2025-07-15,2025-07-11
D00594,S070,P0307,2025-05-20,2025-05-13
D00595,S033,P0150,2025-05-23,2025-05-18
D00596,S057,P0130,2025-06-26,2025-06-26
D00597,S059,P0265,2025-06-21,2025-06-17
D00598,S039,P0099,2025-06-10,2025-06-06
D00599,S017,P0214,2025-06-26,2025-06-16
D00600,S012,P0330,2025-05-07,2025-05-02
D00601,S012,P0397,2025-05-07,2025-05-03
D00602,S083,P0474,2025-05-03,2025-05-02
D00603,S028,P0456,2025-05-15,2025-05-12
D00604,S024,P0215,2025-07-08,2025-07-07
D00605,S083,P0357,2025-06-01,2025-05-31
D00606,S089,P0065,2025-07-16,2025-07-16
D00607,S089,P0309,2025-06-23,2025-06-13
D00608,S016,P0052,2025-06-19,2025-06-18
D00609,S003,P0159,2025-06-17,2025-06-12
D00610,S048,P0478,2025-05-16,2025-05-13
D00611,S043,P0291,2025-07-03,2025-06-26
D00612,S045,P0247,2025-08-08,2025-07-24
D00613,S038,P0201,2025-06-21,2025-06-18
D00614,S060,P0148,2025-05-22,2025-05-12
D00615,S073,P0194,2025-06-01,2025-05-30
D00616,S041,P0483,2025-07-07,2025-06-27
D00617,S010,P0181,2025-06-13,2025-05-29
D00618,S012,P0121,2025-05-29,2025-05-14
D00619,S072,P0299,2025-06-13,2025-06-06
D00620,S027,P0092,2025-07-01,2025-06-27
D00621,S081,P0043,2025-07-14,2025-07-09
D00622,S013,P0119,2025-08-03,2025-07-19
D00623,S080,P0161,2025-05-31,2025-05-28
D00624,S061,P0337,2025-07-02,2025-06-25
D00625,S002,P0147,2025-06-02,2025-05-31
D00626,S021,P0486,2025-06-22,2025-06-17
D00627,S054,P0058,2025-07-22,2025-07-18
D00628,S044,P0088,2025-06-27,2025-06-17
D00629,S088,P0439,2025-06-29,2025-06-19
D00630,S097,P0493,2025-06-19,2025-06-15
D00631,S099,P0235,2025-07-06,2025-07-06
D00632,S093,P0324,2025-07-02,2025-06-22
D00633,S097,P0479,2025-06-07,2025-05-28
D00634,S071,P0454,2025-06-16,2025-06-14
D00635,S083,P0404,2025-07-18,2025-07-17
D00636,S031,P0485,2025-05-04,2025-04-30
D00637,S083,P0438,2025-06-08,2025-06-03
D00638,S061,P0096,2025-06-01,2025-05-31
D00639,S043,P0111,2025-07-10,2025-07-03
D00640,S055,P0363,2025-05-24,2025-05-09
D00641,S093,P0476,2025-06-13,2025-06-08
D00642,S096,P0434,2025-06-27,2025-06-24
D00643,S091,P0263,2025-05-29,2025-05-28
D00644,S021,P0450,2025-07-20,2025-07-15
D00645,S068,P0055,2025-07-25,2025-07-25
D00646,S074,P0237,2025-07-11,2025-07-08
D00647,S016,P0184,2025-07-24,2025-07-22
D00648,S048,P0040,2025-07-04,2025-07-04
D00649,S071,P0181,2025-07-02,2025-06-29
D00650,S051,P0038,2025-05-11,2025-05-01
D00651,S021,P0083,2025-07-05,2025-06-25
D00652,S037,P0026,2025-06-18,2025-06-14
D00653,S021,P0204,2025-05-25,2025-05-24
D00654,S033,P0450,2025-07-08,2025-07-01
D00655,S080,P0025,2025-07-24,2025-07-14
D00656,S075,P0269,2025-07-14,2025-07-13
D00657,S047,P0238,2025-06-29,2025-06-24
D00658,S073,P0462,2025-06-27,2025-06-24
D00659,S062,P0426,2025-05-22,2025-05-21
D00660,S009,P0153,2025-07-10,2025-07-08
D00661,S061,P0391,2025-05-10,2025-05-03
D00662,S072,P0412,2025-06-25,2025-06-24
D00663,S015,P0076,2025-06-24,2025-06-14
D00664,S015,P0089,2025-05-30,2025-05-15
D00665,S059,P0198,2025-07-03,2025-06-18
D00666,S008,P0232,2025-07-03,2025-06-29
D00667,S073,P0302,2025-07-08,2025-07-08
D00668,S075,P0283,2025-07-03,2025-06-28
D00669,S074,P0196,2025-07-18,2025-07-13
D00670,S072,P0396,2025-07-20,2025-07-19
D00671,S053,P0442,2025-06-19,2025-06-04
D00672,S076,P0049,2025-05-15,2025-05-13
D00673,S078,P0204,2025-07-22,2025-07-17
D00674,S010,P0255,2025-07-05,2025-07-04
D00675,S017,P0396,2025-05-26,2025-05-22
D00676,S098,P0252,2025-05-17,2025-05-02
D00677,S099,P0165,2025-07-03,2025-06-23
D00678,S090,P0412,2025-07-07,2025-07-06
D00679,S064,P0393,2025-05-24,2025-05-09
D00680,S044,P0240,2025-05-19,2025-05-17
D00681,S074,P0354,2025-05-03,2025-04-30
D00682,S038,P0031,2025-06-12,2025-06-10
D00683,S088,P0448,2025-06-05,2025-05-29
D00684,S035,P0448,2025-06-18,2025-06-08
D00685,S045,P0231,2025-05-13,2025-05-13
D00686,S012,P0234,2025-06-10,2025-06-08
D00687,S018,P0042,2025-07-10,2025-07-05
D00688,S100,P0488,2025-06-02,2025-05-18
D00689,S096,P0368,2025-06-09,2025-06-07
D00690,S013,P0481,2025-06-21,2025-06-16
D00691,S083,P0267,2025-07-14,2025-07-13
D00692,S003,P0409,2025-06-28,2025-06-27
D00693,S075,P0212,2025-06-18,2025-06-13
D00694,S067,P0191,2025-08-01,2025-07-22
D00695,S078,P0452,2025-07-25,2025-07-20
D00696,S030,P0142,2025-07-19,2025-07-09
D00697,S072,P0281,2025-07-15,2025-07-08
D00698,S057,P0146,2025-05-08,2025-05-05
D00699,S041,P0416,2025-07-07,2025-07-06
D00700,S058,P0001,2025-05-19,2025-05-12
D00701,S009,P0219,2025-06-25,2025-06-18
D00702,S067,P0048,2025-06-03,2025-05-19
D00703,S038,P0085,2025-06-29,2025-06-22
D00704,S014,P0056,2025-06-03,2025-05-30
D00705,S031,P0036,2025-07-17,2025-07-02
D00706,S007,P0428,2025-06-17,2025-06-14
D00707,S096,P0037,2025-06-24,2025-06-19
D00708,S053,P0420,2025-06-19,2025-06-04
D00709,S042,P0282,2025-06-13,2025-05-29
D00710,S060,P0383,2025-05-19,2025-05-15
D00711,S008,P0217,2025-06-13,2025-06-12
D00712,S063,P0245,2025-07-26,2025-07-26
D00713,S069,P0436,2025-07-04,2025-06-19
D00714,S060,P0188,2025-06-02,2025-06-01
D00715,S092,P0152,2025-06-24,2025-06-21
D00716,S082,P0465,2025-06-03,2025-06-02
D00717,S020,P0412,2025-07-07,2025-07-03
D00718,S003,P0422,2025-07-19,2025-07-12
D00719,S026,P0012,2025-07-22,2025-07-22
D00720,S001,P0158,2025-07-08,2025-07-07
D00721,S063,P0495,2025-07-05,2025-07-04
D00722,S017,P0152,2025-07-15,2025-06-30
D00723,S025,P0107,2025-07-31,2025-07-16
D00724,S027,P0179,2025-07-12,2025-07-05
D00725,S064,P0143,2025-05-27,2025-05-24
D00726,S095,P0179,2025-07-01,2025-06-27
D00727,S024,P0300,2025-06-20,2025-06-15
D00728,S084,P0038,2025-05-20,2025-05-17
D00729,S005,P0062,2025-05-29,2025-05-22
D00730,S023,P0376,2025-06-02,2025-05-26
D00731,S041,P0423,2025-06-22,2025-06-22
D00732,S083,P0300,2025-06-01,2025-05-27
D00733,S094,P0258,2025-05-20,2025-05-20
D00734,S097,P0282,2025-05-29,2025-05-27
D00735,S058,P0263,2025-07-17,2025-07-12
D00736,S097,P0344,2025-05-28,2025-05-27
D00737,S001,P0222,2025-07-21,2025-07-06
D00738,S076,P0351,2025-05-23,2025-05-19
D00739,S059,P0134,2025-07-20,2025-07-05
D00740,S087,P0341,2025-07-07,2025-07-06
D00741,S094,P0222,2025-06-30,2025-06-15
D00742,S038,P0477,2025-06-05,2025-05-29
D00743,S057,P0041,2025-06-19,2025-06-14
D00744,S073,P0122,2025-06-08,2025-06-01
D00745,S094,P0409,2025-06-29,2025-06-22
D00746,S005,P0107,2025-07-15,2025-07-15
D00747,S075,P0268,2025-07-09,2025-07-08
D00748,S050,P0130,2025-06-09,2025-05-25
D00749,S018,P0009,2025-05-29,2025-05-26
D00750,S018,P0131,2025-05-25,2025-05-10
D00751,S075,P0480,2025-06-23,2025-06-23
D00752,S056,P0069,2025-07-03,2025-07-03
D00753,S092,P0453,2025-06-25,2025-06-20
D00754,S047,P0196,2025-06-14,2025-06-04
D00755,S042,P0265,2025-07-27,2025-07-24
D00756,S052,P0364,2025-06-21,2025-06-06
D00757,S039,P0117,2025-07-24,2025-07-17
D00758,S077,P0208,2025-06-04,2025-06-01
D00759,S056,P0351,2025-07-14,2025-07-13
D00760,S029,P0424,2025-07-19,2025-07-16
D00761,S003,P0224,2025-05-28,2025-05-13
D00762,S097,P0459,2025-06-11,2025-05-27
D00763,S071,P0347,2025-05-07,2025-05-03
D00764,S006,P0237,2025-05-29,2025-05-26
D00765,S021,P0427,2025-07-14,2025-07-07
D00766,S016,P0397,2025-05-11,2025-05-06
D00767,S034,P0317,2025-06-04,2025-06-01
D00768,S052,P0252,2025-06-10,2025-06-10
D00769,S039,P0045,2025-07-03,2025-07-01
D00770,S022,P0034,2025-05-23,2025-05-23
D00771,S077,P0253,2025-07-17,2025-07-10
D00772,S014,P0041,2025-06-14,2025-06-14
D00773,S028,P0406,2025-06-03,2025-05-19
D00774,S003,P0473,2025-05-25,2025-05-18
D00775,S072,P0177,2025-08-02,2025-07-18
D00776,S033,P0337,2025-06-25,2025-06-20
D00777,S057,P0118,2025-05-29,2025-05-25
D00778,S097,P0439,2025-06-22,2025-06-22
D00779,S038,P0479,2025-07-15,2025-07-05
D00780,S015,P0118,2025-05-25,2025-05-25
D00781,S068,P0204,2025-05-22,2025-05-12
D00782,S041,P0332,2025-05-24,2025-05-09
D00783,S024,P0083,2025-06-29,2025-06-27
D00784,S008,P0396,2025-07-12,2025-07-09
D00785,S074,P0088,2025-07-09,2025-06-24
D00786,S011,P0153,2025-05-26,2025-05-22
D00787,S090,P0164,2025-05-29,2025-05-22
D00788,S033,P0046,2025-05-06,2025-05-03
D00789,S035,P0086,2025-07-06,2025-07-03
D00790,S018,P0043,2025-07-25,2025-07-25
D00791,S070,P0446,2025-06-20,2025-06-19
D00792,S033,P0038,2025-05-24,2025-05-20
D00793,S091,P0222,2025-07-02,2025-06-29
D00794,S093,P0174,2025-05-25,2025-05-21
D00795,S080,P0363,2025-05-07,2025-05-04
D00796,S093,P0309,2025-05-08,2025-05-08
D00797,S045,P0190,2025-06-08,2025-06-08
D00798,S074,P0153,2025-06-01,2025-05-31
D00799,S100,P0206,2025-07-07,2025-07-07
D00800,S014,P0131,2025-06-20,2025-06-13
D00801,S081,P0234,2025-05-23,2025-05-08
D00802,S024,P0279,2025-07-05,2025-07-04
D00803,S023,P0148,2025-07-12,2025-07-12
D00804,S045,P0357,2025-05-12,2025-05-12
D00805,S039,P0384,2025-04-30,2025-04-29
D00806,S015,P0347,2025-06-25,2025-06-21
D00807,S030,P0437,2025-05-18,2025-05-14
D00808,S002,P0265,2025-06-10,2025-06-07
D00809,S036,P0500,2025-07-05,2025-07-01
D00810,S040,P0102,2025-07-23,2025-07-23
D00811,S039,P0231,2025-08-02,2025-07-23
D00812,S059,P0450,2025-06-29,2025-06-14
D00813,S011,P0029,2025-06-24,2025-06-14
D00814,S082,P0212,2025-07-01,2025-07-01
D00815,S026,P0471,2025-05-18,2025-05-18
D00816,S046,P0074,2025-07-12,2025-07-11
D00817,S027,P0480,2025-05-28,2025-05-26
D00818,S051,P0366,2025-06-09,2025-05-30
D00819,S015,P0071,2025-05-27,2025-05-26
D00820,S044,P0356,2025-07-04,2025-06-30
D00821,S036,P0482,2025-05-19,2025-05-04
D00822,S054,P0350,2025-07-26,2025-07-26
D00823,S092,P0379,2025-07-13,2025-07-12
D00824,S014,P0450,2025-05-07,2025-05-07
D00825,S003,P0119,2025-07-11,2025-07-01
D00826,S086,P0415,2025-07-08,2025-06-23
D00827,S081,P0136,2025-05-23,2025-05-21
D00828,S057,P0482,2025-06-21,2025-06-19
D00829,S071,P0277,2025-07-10,2025-07-09
D00830,S096,P0269,2025-07-10,2025-07-08
D00831,S052,P0374,2025-08-04,2025-07-20
D00832,S028,P0180,2025-05-07,2025-05-02
D00833,S098,P0391,2025-07-26,2025-07-26
D00834,S054,P0477,2025-05-16,2025-05-15
D00835,S098,P0319,2025-06-13,2025-06-08
D00836,S068,P0350,2025-08-07,2025-07-23
D00837,S013,P0346,2025-07-26,2025-07-19
D00838,S052,P0334,2025-05-21,2025-05-16
D00839,S088,P0203,2025-05-07,2025-05-02
D00840,S077,P0420,2025-08-03,2025-07-19
D00841,S045,P0116,2025-06-13,2025-06-06
D00842,S079,P0367,2025-07-15,2025-07-14
D00843,S078,P0190,2025-06-17,2025-06-16
D00844,S080,P0253,2025-05-21,2025-05-17
D00845,S089,P0126,2025-07-11,2025-07-10
D00846,S064,P0009,2025-07-23,2025-07-22
D00847,S078,P0316,2025-05-27,2025-05-27
D00848,S034,P0029,2025-07-30,2025-07-23
D00849,S015,P0362,2025-05-09,2025-05-02
D00850,S046,P0168,2025-05-06,2025-04-29
D00851,S073,P0336,2025-05-29,2025-05-27
D00852,S073,P0347,2025-06-30,2025-06-23
D00853,S049,P0241,2025-06-30,2025-06-26
D00854,S037,P0256,2025-05-14,2025-05-09
D00855,S035,P0418,2025-05-31,2025-05-31
D00856,S048,P0291,2025-06-02,2025-05-26
D00857,S002,P0146,2025-06-27,2025-06-12
D00858,S089,P0405,2025-06-30,2025-06-30
D00859,S056,P0279,2025-06-23,2025-06-20
D00860,S061,P0443,2025-06-20,2025-06-18
D00861,S077,P0468,2025-06-15,2025-06-15
D00862,S037,P0203,2025-07-28,2025-07-24
D00863,S091,P0322,2025-05-17,2025-05-12
D00864,S098,P0489,2025-07-24,2025-07-20
D00865,S043,P0083,2025-06-16,2025-06-16
D00866,S017,P0225,2025-06-14,2025-06-13
D00867,S095,P0242,2025-05-30,2025-05-25
D00868,S072,P0006,2025-05-27,2025-05-17
D00869,S086,P0027,2025-07-16,2025-07-16
D00870,S067,P0341,2025-05-16,2025-05-09
D00871,S003,P0408,2025-06-05,2025-05-31
D00872,S094,P0494,2025-05-19,2025-05-14
D00873,S040,P0447,2025-07-11,2025-07-08
D00874,S067,P0079,2025-06-16,2025-06-12
D00875,S046,P0439,2025-07-10,2025-06-30
D00876,S087,P0313,2025-05-26,2025-05-23
D00877,S007,P0123,2025-07-08,2025-07-07
D00878,S020,P0160,2025-05-17,2025-05-17
D00879,S005,P0306,2025-05-03,2025-04-30
D00880,S050,P0341,2025-07-13,2025-07-09
D00881,S034,P0138,2025-06-02,2025-05-31
D00882,S001,P0483,2025-07-15,2025-07-14
D00883,S087,P0418,2025-06-06,2025-05-27
D00884,S003,P0432,2025-06-30,2025-06-23
D00885,S090,P0389,2025-07-05,2025-07-03
D00886,S096,P0427,2025-07-16,2025-07-11
D00887,S098,P0185,2025-05-19,2025-05-17
D00888,S100,P0019,2025-05-21,2025-05-16
D00889,S010,P0262,2025-07-01,2025-06-27
D00890,S096,P0479,2025-07-25,2025-07-21
D00891,S017,P0080,2025-07-03,2025-06-30
D00892,S072,P0384,2025-08-04,2025-07-25
D00893,S002,P0003,2025-06-12,2025-06-07
D00894,S055,P0052,2025-07-21,2025-07-18
D00895,S009,P0226,2025-06-19,2025-06-09
D00896,S088,P0431,2025-06-18,2025-06-18
D00897,S095,P0055,2025-06-02,2025-05-30
D00898,S096,P0499,2025-05-08,2025-05-07
D00899,S079,P0245,2025-06-11,2025-06-06
D00900,S022,P0219,2025-07-03,2025-07-02
D00901,S014,P0226,2025-05-12,2025-05-08
D00902,S097,P0085,2025-05-18,2025-05-16
D00903,S097,P0359,2025-05-16,2025-05-12
D00904,S052,P0467,2025-06-17,2025-06-14
D00905,S054,P0210,2025-06-01,2025-05-30
D00906,S020,P0491,2025-06-07,2025-05-23
D00907,S032,P0125,2025-04-30,2025-04-29
D00908,S098,P0301,2025-06-03,2025-05-24
D00909,S045,P0118,2025-06-15,2025-06-05
D00910,S059,P0183,2025-05-28,2025-05-21
D00911,S060,P0084,2025-06-14,2025-06-11
D00912,S085,P0385,2025-07-21,2025-07-11
D00913,S002,P0167,2025-05-28,2025-05-24
D00914,S055,P0359,2025-06-15,2025-05-31
D00915,S071,P0420,2025-06-01,2025-05-28
D00916,S067,P0323,2025-06-27,2025-06-24
D00917,S051,P0062,2025-07-11,2025-07-08
D00918,S074,P0418,2025-06-24,2025-06-23
D00919,S052,P0227,2025-05-15,2025-04-30
D00920,S043,P0363,2025-05-28,2025-05-24
D00921,S078,P0019,2025-07-08,2025-07-01
D00922,S049,P0233,2025-06-17,2025-06-02
D00923,S054,P0423,2025-07-08,2025-07-05
D00924,S057,P0038,2025-05-21,2025-05-21
D00925,S084,P0086,2025-05-12,2025-05-05
D00926,S073,P0365,2025-07-17,2025-07-02
D00927,S005,P0211,2025-05-12,2025-05-10
D00928,S024,P0026,2025-06-16,2025-06-13
D00929,S004,P0418,2025-05-30,2025-05-28
D00930,S004,P0065,2025-05-29,2025-05-14
D00931,S066,P0164,2025-06-08,2025-06-07
D00932,S019,P0299,2025-07-14,2025-07-04
D00933,S080,P0225,2025-07-01,2025-06-16
D00934,S050,P0423,2025-08-08,2025-07-24
D00935,S033,P0094,2025-07-27,2025-07-24
D00936,S007,P0498,2025-07-11,2025-07-06
D00937,S002,P0011,2025-07-13,2025-07-12
D00938,S055,P0022,2025-06-08,2025-05-29
D00939,S030,P0038,2025-07-12,2025-07-05
D00940,S008,P0213,2025-05-20,2025-05-10
D00941,S027,P0004,2025-07-07,2025-06-30
D00942,S048,P0067,2025-07-30,2025-07-26
D00943,S046,P0495,2025-05-31,2025-05-27
D00944,S012,P0485,2025-06-13,2025-06-03
D00945,S045,P0009,2025-06-27,2025-06-27
D00946,S100,P0133,2025-06-04,2025-05-20
D00947,S021,P0494,2025-05-25,2025-05-20
D00948,S100,P0283,2025-05-18,2025-05-11
D00949,S026,P0422,2025-06-14,2025-06-14
D00950,S027,P0300,2025-05-14,2025-05-13
D00951,S049,P0042,2025-06-13,2025-06-12
D00952,S025,P0304,2025-07-13,2025-07-10
D00953,S098,P0352,2025-06-28,2025-06-26
D00954,S035,P0334,2025-06-14,2025-06-04
D00955,S076,P0218,2025-06-11,2025-06-08
D00956,S011,P0135,2025-07-09,2025-07-06
D00957,S018,P0193,2025-07-06,2025-06-21
D00958,S072,P0177,2025-07-28,2025-07-26
D00959,S040,P0485,2025-06-13,2025-06-13
D00960,S058,P0024,2025-07-18,2025-07-11
D00961,S070,P0285,2025-06-21,2025-06-20
D00962,S059,P0294,2025-07-16,2025-07-15
D00963,S095,P0446,2025-07-03,2025-07-02
D00964,S014,P0231,2025-07-23,2025-07-18
D00965,S090,P0385,2025-05-24,2025-05-20
D00966,S024,P0275,2025-07-21,2025-07-11
D00967,S028,P0120,2025-05-30,2025-05-23
D00968,S091,P0093,2025-07-09,2025-07-04
D00969,S049,P0450,2025-07-13,2025-07-11
D00970,S096,P0133,2025-06-28,2025-06-25
D00971,S056,P0035,2025-07-27,2025-07-22
D00972,S064,P0494,2025-07-19,2025-07-14
D00973,S031,P0372,2025-05-11,2025-05-06
D00974,S062,P0185,2025-06-23,2025-06-19
D00975,S095,P0470,2025-06-13,2025-06-11
D00976,S047,P0424,2025-07-04,2025-06-19
D00977,S045,P0254,2025-07-21,2025-07-06
D00978,S083,P0341,2025-06-13,2025-06-03
D00979,S084,P0186,2025-05-21,2025-05-06
D00980,S027,P0452,2025-06-24,2025-06-22
D00981,S024,P0047,2025-05-24,2025-05-09
D00982,S091,P0202,2025-05-05,2025-05-04
D00983,S077,P0115,2025-08-02,2025-07-18
D00984,S048,P0026,2025-06-28,2025-06-21
D00985,S017,P0423,2025-07-27,2025-07-25
D00986,S088,P0448,2025-06-27,2025-06-17
D00987,S020,P0066,2025-05-19,2025-05-18
D00988,S002,P0482,2025-06-27,2025-06-23
D00989,S023,P0215,2025-06-25,2025-06-20
D00990,S061,P0040,2025-05-23,2025-05-13
D00991,S085,P0371,2025-05-21,2025-05-14
D00992,S057,P0163,2025-06-06,2025-05-30
D00993,S051,P0442,2025-07-21,2025-07-20
D00994,S026,P0279,2025-06-18,2025-06-18
D00995,S009,P0154,2025-06-13,2025-06-10
D00996,S047,P0334,2025-05-17,2025-05-10
D00997,S057,P0398,2025-07-11,2025-07-04
D00998,S090,P0373,2025-05-23,2025-05-18
D00999,S079,P0412,2025-07-17,2025-07-07
D01000,S065,P0091,2025-06-26,2025-06-24
